crimeclass,from,to
11,1/1/2007,1/31/2007
11,2/1/2007,2/28/2007
11,3/1/2007,3/31/2007
11,4/1/2007,4/30/2007
11,5/1/2007,5/31/2007
11,6/1/2007,6/30/2007
11,7/1/2007,7/31/2007
11,8/1/2007,8/31/2007
11,9/1/2007,9/30/2007
11,10/1/2007,10/31/2007
11,11/1/2007,11/30/2007
11,12/1/2007,12/31/2007
11,1/1/2008,1/31/2008
11,2/1/2008,2/29/2008
11,3/1/2008,3/31/2008
11,4/1/2008,4/30/2008
11,5/1/2008,5/31/2008
11,6/1/2008,6/30/2008
11,7/1/2008,7/31/2008
11,8/1/2008,8/31/2008
11,9/1/2008,9/30/2008
11,10/1/2008,10/31/2008
11,11/1/2008,11/30/2008
11,12/1/2008,12/31/2008
11,1/1/2009,1/31/2009
11,2/1/2009,2/28/2009
11,3/1/2009,3/31/2009
11,4/1/2009,4/30/2009
11,5/1/2009,5/31/2009
11,6/1/2009,6/30/2009
11,7/1/2009,7/31/2009
11,8/1/2009,8/31/2009
11,9/1/2009,9/30/2009
11,10/1/2009,10/31/2009
11,11/1/2009,11/30/2009
11,12/1/2009,12/31/2009
11,1/1/2010,1/31/2010
11,2/1/2010,2/28/2010
11,3/1/2010,3/31/2010
11,4/1/2010,4/30/2010
11,5/1/2010,5/31/2010
11,6/1/2010,6/30/2010
11,7/1/2010,7/31/2010
11,8/1/2010,8/31/2010
11,9/1/2010,9/30/2010
11,10/1/2010,10/31/2010
11,11/1/2010,11/30/2010
11,12/1/2010,12/31/2010
11,1/1/2011,1/31/2011
11,2/1/2011,2/28/2011
11,3/1/2011,3/31/2011
11,4/1/2011,4/30/2011
11,5/1/2011,5/31/2011
11,6/1/2011,6/30/2011
11,7/1/2011,7/31/2011
11,8/1/2011,8/31/2011
11,9/1/2011,9/30/2011
11,10/1/2011,10/31/2011
11,11/1/2011,11/30/2011
11,12/1/2011,12/31/2011
11,NULL,NULL
11,NULL,NULL
11,NULL,NULL
12,1/1/2007,1/31/2007
12,2/1/2007,2/28/2007
12,3/1/2007,3/31/2007
12,4/1/2007,4/30/2007
12,5/1/2007,5/31/2007
12,6/1/2007,6/30/2007
12,7/1/2007,7/31/2007
12,8/1/2007,8/31/2007
12,9/1/2007,9/30/2007
12,10/1/2007,10/31/2007
12,11/1/2007,11/30/2007
12,12/1/2007,12/31/2007
12,1/1/2008,1/31/2008
12,2/1/2008,2/29/2008
12,3/1/2008,3/31/2008
12,4/1/2008,4/30/2008
12,5/1/2008,5/31/2008
12,6/1/2008,6/30/2008
12,7/1/2008,7/31/2008
12,8/1/2008,8/31/2008
12,9/1/2008,9/30/2008
12,10/1/2008,10/31/2008
12,11/1/2008,11/30/2008
12,12/1/2008,12/31/2008
12,1/1/2009,1/31/2009
12,2/1/2009,2/28/2009
12,3/1/2009,3/31/2009
12,4/1/2009,4/30/2009
12,5/1/2009,5/31/2009
12,6/1/2009,6/30/2009
12,7/1/2009,7/31/2009
12,8/1/2009,8/31/2009
12,9/1/2009,9/30/2009
12,10/1/2009,10/31/2009
12,11/1/2009,11/30/2009
12,12/1/2009,12/31/2009
12,1/1/2010,1/31/2010
12,2/1/2010,2/28/2010
12,3/1/2010,3/31/2010
12,4/1/2010,4/30/2010
12,5/1/2010,5/31/2010
12,6/1/2010,6/30/2010
12,7/1/2010,7/31/2010
12,8/1/2010,8/31/2010
12,9/1/2010,9/30/2010
12,10/1/2010,10/31/2010
12,11/1/2010,11/30/2010
12,12/1/2010,12/31/2010
12,1/1/2011,1/31/2011
12,2/1/2011,2/28/2011
12,3/1/2011,3/31/2011
12,4/1/2011,4/30/2011
12,5/1/2011,5/31/2011
12,6/1/2011,6/30/2011
12,7/1/2011,7/31/2011
12,8/1/2011,8/31/2011
12,9/1/2011,9/30/2011
12,10/1/2011,10/31/2011
12,11/1/2011,11/30/2011
12,12/1/2011,12/31/2011
12,NULL,NULL
12,NULL,NULL
12,NULL,NULL
13,1/1/2007,1/31/2007
13,2/1/2007,2/28/2007
13,3/1/2007,3/31/2007
13,4/1/2007,4/30/2007
13,5/1/2007,5/31/2007
13,6/1/2007,6/30/2007
13,7/1/2007,7/31/2007
13,8/1/2007,8/31/2007
13,9/1/2007,9/30/2007
13,10/1/2007,10/31/2007
13,11/1/2007,11/30/2007
13,12/1/2007,12/31/2007
13,1/1/2008,1/31/2008
13,2/1/2008,2/29/2008
13,3/1/2008,3/31/2008
13,4/1/2008,4/30/2008
13,5/1/2008,5/31/2008
13,6/1/2008,6/30/2008
13,7/1/2008,7/31/2008
13,8/1/2008,8/31/2008
13,9/1/2008,9/30/2008
13,10/1/2008,10/31/2008
13,11/1/2008,11/30/2008
13,12/1/2008,12/31/2008
13,1/1/2009,1/31/2009
13,2/1/2009,2/28/2009
13,3/1/2009,3/31/2009
13,4/1/2009,4/30/2009
13,5/1/2009,5/31/2009
13,6/1/2009,6/30/2009
13,7/1/2009,7/31/2009
13,8/1/2009,8/31/2009
13,9/1/2009,9/30/2009
13,10/1/2009,10/31/2009
13,11/1/2009,11/30/2009
13,12/1/2009,12/31/2009
13,1/1/2010,1/31/2010
13,2/1/2010,2/28/2010
13,3/1/2010,3/31/2010
13,4/1/2010,4/30/2010
13,5/1/2010,5/31/2010
13,6/1/2010,6/30/2010
13,7/1/2010,7/31/2010
13,8/1/2010,8/31/2010
13,9/1/2010,9/30/2010
13,10/1/2010,10/31/2010
13,11/1/2010,11/30/2010
13,12/1/2010,12/31/2010
13,1/1/2011,1/31/2011
13,2/1/2011,2/28/2011
13,3/1/2011,3/31/2011
13,4/1/2011,4/30/2011
13,5/1/2011,5/31/2011
13,6/1/2011,6/30/2011
13,7/1/2011,7/31/2011
13,8/1/2011,8/31/2011
13,9/1/2011,9/30/2011
13,10/1/2011,10/31/2011
13,11/1/2011,11/30/2011
13,12/1/2011,12/31/2011
13,NULL,NULL
13,NULL,NULL
13,NULL,NULL
20,1/1/2007,1/31/2007
20,2/1/2007,2/28/2007
20,3/1/2007,3/31/2007
20,4/1/2007,4/30/2007
20,5/1/2007,5/31/2007
20,6/1/2007,6/30/2007
20,7/1/2007,7/31/2007
20,8/1/2007,8/31/2007
20,9/1/2007,9/30/2007
20,10/1/2007,10/31/2007
20,11/1/2007,11/30/2007
20,12/1/2007,12/31/2007
20,1/1/2008,1/31/2008
20,2/1/2008,2/29/2008
20,3/1/2008,3/31/2008
20,4/1/2008,4/30/2008
20,5/1/2008,5/31/2008
20,6/1/2008,6/30/2008
20,7/1/2008,7/31/2008
20,8/1/2008,8/31/2008
20,9/1/2008,9/30/2008
20,10/1/2008,10/31/2008
20,11/1/2008,11/30/2008
20,12/1/2008,12/31/2008
20,1/1/2009,1/31/2009
20,2/1/2009,2/28/2009
20,3/1/2009,3/31/2009
20,4/1/2009,4/30/2009
20,5/1/2009,5/31/2009
20,6/1/2009,6/30/2009
20,7/1/2009,7/31/2009
20,8/1/2009,8/31/2009
20,9/1/2009,9/30/2009
20,10/1/2009,10/31/2009
20,11/1/2009,11/30/2009
20,12/1/2009,12/31/2009
20,1/1/2010,1/31/2010
20,2/1/2010,2/28/2010
20,3/1/2010,3/31/2010
20,4/1/2010,4/30/2010
20,5/1/2010,5/31/2010
20,6/1/2010,6/30/2010
20,7/1/2010,7/31/2010
20,8/1/2010,8/31/2010
20,9/1/2010,9/30/2010
20,10/1/2010,10/31/2010
20,11/1/2010,11/30/2010
20,12/1/2010,12/31/2010
20,1/1/2011,1/31/2011
20,2/1/2011,2/28/2011
20,3/1/2011,3/31/2011
20,4/1/2011,4/30/2011
20,5/1/2011,5/31/2011
20,6/1/2011,6/30/2011
20,7/1/2011,7/31/2011
20,8/1/2011,8/31/2011
20,9/1/2011,9/30/2011
20,10/1/2011,10/31/2011
20,11/1/2011,11/30/2011
20,12/1/2011,12/31/2011
20,NULL,NULL
20,NULL,NULL
20,NULL,NULL
30,1/1/2007,1/31/2007
30,2/1/2007,2/28/2007
30,3/1/2007,3/31/2007
30,4/1/2007,4/30/2007
30,5/1/2007,5/31/2007
30,6/1/2007,6/30/2007
30,7/1/2007,7/31/2007
30,8/1/2007,8/31/2007
30,9/1/2007,9/30/2007
30,10/1/2007,10/31/2007
30,11/1/2007,11/30/2007
30,12/1/2007,12/31/2007
30,1/1/2008,1/31/2008
30,2/1/2008,2/29/2008
30,3/1/2008,3/31/2008
30,4/1/2008,4/30/2008
30,5/1/2008,5/31/2008
30,6/1/2008,6/30/2008
30,7/1/2008,7/31/2008
30,8/1/2008,8/31/2008
30,9/1/2008,9/30/2008
30,10/1/2008,10/31/2008
30,11/1/2008,11/30/2008
30,12/1/2008,12/31/2008
30,1/1/2009,1/31/2009
30,2/1/2009,2/28/2009
30,3/1/2009,3/31/2009
30,4/1/2009,4/30/2009
30,5/1/2009,5/31/2009
30,6/1/2009,6/30/2009
30,7/1/2009,7/31/2009
30,8/1/2009,8/31/2009
30,9/1/2009,9/30/2009
30,10/1/2009,10/31/2009
30,11/1/2009,11/30/2009
30,12/1/2009,12/31/2009
30,1/1/2010,1/31/2010
30,2/1/2010,2/28/2010
30,3/1/2010,3/31/2010
30,4/1/2010,4/30/2010
30,5/1/2010,5/31/2010
30,6/1/2010,6/30/2010
30,7/1/2010,7/31/2010
30,8/1/2010,8/31/2010
30,9/1/2010,9/30/2010
30,10/1/2010,10/31/2010
30,11/1/2010,11/30/2010
30,12/1/2010,12/31/2010
30,1/1/2011,1/31/2011
30,2/1/2011,2/28/2011
30,3/1/2011,3/31/2011
30,4/1/2011,4/30/2011
30,5/1/2011,5/31/2011
30,6/1/2011,6/30/2011
30,7/1/2011,7/31/2011
30,8/1/2011,8/31/2011
30,9/1/2011,9/30/2011
30,10/1/2011,10/31/2011
30,11/1/2011,11/30/2011
30,12/1/2011,12/31/2011
30,NULL,NULL
30,NULL,NULL
30,NULL,NULL
31,1/1/2007,1/31/2007
31,2/1/2007,2/28/2007
31,3/1/2007,3/31/2007
31,4/1/2007,4/30/2007
31,5/1/2007,5/31/2007
31,6/1/2007,6/30/2007
31,7/1/2007,7/31/2007
31,8/1/2007,8/31/2007
31,9/1/2007,9/30/2007
31,10/1/2007,10/31/2007
31,11/1/2007,11/30/2007
31,12/1/2007,12/31/2007
31,1/1/2008,1/31/2008
31,2/1/2008,2/29/2008
31,3/1/2008,3/31/2008
31,4/1/2008,4/30/2008
31,5/1/2008,5/31/2008
31,6/1/2008,6/30/2008
31,7/1/2008,7/31/2008
31,8/1/2008,8/31/2008
31,9/1/2008,9/30/2008
31,10/1/2008,10/31/2008
31,11/1/2008,11/30/2008
31,12/1/2008,12/31/2008
31,1/1/2009,1/31/2009
31,2/1/2009,2/28/2009
31,3/1/2009,3/31/2009
31,4/1/2009,4/30/2009
31,5/1/2009,5/31/2009
31,6/1/2009,6/30/2009
31,7/1/2009,7/31/2009
31,8/1/2009,8/31/2009
31,9/1/2009,9/30/2009
31,10/1/2009,10/31/2009
31,11/1/2009,11/30/2009
31,12/1/2009,12/31/2009
31,1/1/2010,1/31/2010
31,2/1/2010,2/28/2010
31,3/1/2010,3/31/2010
31,4/1/2010,4/30/2010
31,5/1/2010,5/31/2010
31,6/1/2010,6/30/2010
31,7/1/2010,7/31/2010
31,8/1/2010,8/31/2010
31,9/1/2010,9/30/2010
31,10/1/2010,10/31/2010
31,11/1/2010,11/30/2010
31,12/1/2010,12/31/2010
31,1/1/2011,1/31/2011
31,2/1/2011,2/28/2011
31,3/1/2011,3/31/2011
31,4/1/2011,4/30/2011
31,5/1/2011,5/31/2011
31,6/1/2011,6/30/2011
31,7/1/2011,7/31/2011
31,8/1/2011,8/31/2011
31,9/1/2011,9/30/2011
31,10/1/2011,10/31/2011
31,11/1/2011,11/30/2011
31,12/1/2011,12/31/2011
31,NULL,NULL
31,NULL,NULL
31,NULL,NULL
32,1/1/2007,1/31/2007
32,2/1/2007,2/28/2007
32,3/1/2007,3/31/2007
32,4/1/2007,4/30/2007
32,5/1/2007,5/31/2007
32,6/1/2007,6/30/2007
32,7/1/2007,7/31/2007
32,8/1/2007,8/31/2007
32,9/1/2007,9/30/2007
32,10/1/2007,10/31/2007
32,11/1/2007,11/30/2007
32,12/1/2007,12/31/2007
32,1/1/2008,1/31/2008
32,2/1/2008,2/29/2008
32,3/1/2008,3/31/2008
32,4/1/2008,4/30/2008
32,5/1/2008,5/31/2008
32,6/1/2008,6/30/2008
32,7/1/2008,7/31/2008
32,8/1/2008,8/31/2008
32,9/1/2008,9/30/2008
32,10/1/2008,10/31/2008
32,11/1/2008,11/30/2008
32,12/1/2008,12/31/2008
32,1/1/2009,1/31/2009
32,2/1/2009,2/28/2009
32,3/1/2009,3/31/2009
32,4/1/2009,4/30/2009
32,5/1/2009,5/31/2009
32,6/1/2009,6/30/2009
32,7/1/2009,7/31/2009
32,8/1/2009,8/31/2009
32,9/1/2009,9/30/2009
32,10/1/2009,10/31/2009
32,11/1/2009,11/30/2009
32,12/1/2009,12/31/2009
32,1/1/2010,1/31/2010
32,2/1/2010,2/28/2010
32,3/1/2010,3/31/2010
32,4/1/2010,4/30/2010
32,5/1/2010,5/31/2010
32,6/1/2010,6/30/2010
32,7/1/2010,7/31/2010
32,8/1/2010,8/31/2010
32,9/1/2010,9/30/2010
32,10/1/2010,10/31/2010
32,11/1/2010,11/30/2010
32,12/1/2010,12/31/2010
32,1/1/2011,1/31/2011
32,2/1/2011,2/28/2011
32,3/1/2011,3/31/2011
32,4/1/2011,4/30/2011
32,5/1/2011,5/31/2011
32,6/1/2011,6/30/2011
32,7/1/2011,7/31/2011
32,8/1/2011,8/31/2011
32,9/1/2011,9/30/2011
32,10/1/2011,10/31/2011
32,11/1/2011,11/30/2011
32,12/1/2011,12/31/2011
32,NULL,NULL
32,NULL,NULL
32,NULL,NULL
40,1/1/2007,1/31/2007
40,2/1/2007,2/28/2007
40,3/1/2007,3/31/2007
40,4/1/2007,4/30/2007
40,5/1/2007,5/31/2007
40,6/1/2007,6/30/2007
40,7/1/2007,7/31/2007
40,8/1/2007,8/31/2007
40,9/1/2007,9/30/2007
40,10/1/2007,10/31/2007
40,11/1/2007,11/30/2007
40,12/1/2007,12/31/2007
40,1/1/2008,1/31/2008
40,2/1/2008,2/29/2008
40,3/1/2008,3/31/2008
40,4/1/2008,4/30/2008
40,5/1/2008,5/31/2008
40,6/1/2008,6/30/2008
40,7/1/2008,7/31/2008
40,8/1/2008,8/31/2008
40,9/1/2008,9/30/2008
40,10/1/2008,10/31/2008
40,11/1/2008,11/30/2008
40,12/1/2008,12/31/2008
40,1/1/2009,1/31/2009
40,2/1/2009,2/28/2009
40,3/1/2009,3/31/2009
40,4/1/2009,4/30/2009
40,5/1/2009,5/31/2009
40,6/1/2009,6/30/2009
40,7/1/2009,7/31/2009
40,8/1/2009,8/31/2009
40,9/1/2009,9/30/2009
40,10/1/2009,10/31/2009
40,11/1/2009,11/30/2009
40,12/1/2009,12/31/2009
40,1/1/2010,1/31/2010
40,2/1/2010,2/28/2010
40,3/1/2010,3/31/2010
40,4/1/2010,4/30/2010
40,5/1/2010,5/31/2010
40,6/1/2010,6/30/2010
40,7/1/2010,7/31/2010
40,8/1/2010,8/31/2010
40,9/1/2010,9/30/2010
40,10/1/2010,10/31/2010
40,11/1/2010,11/30/2010
40,12/1/2010,12/31/2010
40,1/1/2011,1/31/2011
40,2/1/2011,2/28/2011
40,3/1/2011,3/31/2011
40,4/1/2011,4/30/2011
40,5/1/2011,5/31/2011
40,6/1/2011,6/30/2011
40,7/1/2011,7/31/2011
40,8/1/2011,8/31/2011
40,9/1/2011,9/30/2011
40,10/1/2011,10/31/2011
40,11/1/2011,11/30/2011
40,12/1/2011,12/31/2011
40,NULL,NULL
40,NULL,NULL
40,NULL,NULL
41,1/1/2007,1/31/2007
41,2/1/2007,2/28/2007
41,3/1/2007,3/31/2007
41,4/1/2007,4/30/2007
41,5/1/2007,5/31/2007
41,6/1/2007,6/30/2007
41,7/1/2007,7/31/2007
41,8/1/2007,8/31/2007
41,9/1/2007,9/30/2007
41,10/1/2007,10/31/2007
41,11/1/2007,11/30/2007
41,12/1/2007,12/31/2007
41,1/1/2008,1/31/2008
41,2/1/2008,2/29/2008
41,3/1/2008,3/31/2008
41,4/1/2008,4/30/2008
41,5/1/2008,5/31/2008
41,6/1/2008,6/30/2008
41,7/1/2008,7/31/2008
41,8/1/2008,8/31/2008
41,9/1/2008,9/30/2008
41,10/1/2008,10/31/2008
41,11/1/2008,11/30/2008
41,12/1/2008,12/31/2008
41,1/1/2009,1/31/2009
41,2/1/2009,2/28/2009
41,3/1/2009,3/31/2009
41,4/1/2009,4/30/2009
41,5/1/2009,5/31/2009
41,6/1/2009,6/30/2009
41,7/1/2009,7/31/2009
41,8/1/2009,8/31/2009
41,9/1/2009,9/30/2009
41,10/1/2009,10/31/2009
41,11/1/2009,11/30/2009
41,12/1/2009,12/31/2009
41,1/1/2010,1/31/2010
41,2/1/2010,2/28/2010
41,3/1/2010,3/31/2010
41,4/1/2010,4/30/2010
41,5/1/2010,5/31/2010
41,6/1/2010,6/30/2010
41,7/1/2010,7/31/2010
41,8/1/2010,8/31/2010
41,9/1/2010,9/30/2010
41,10/1/2010,10/31/2010
41,11/1/2010,11/30/2010
41,12/1/2010,12/31/2010
41,1/1/2011,1/31/2011
41,2/1/2011,2/28/2011
41,3/1/2011,3/31/2011
41,4/1/2011,4/30/2011
41,5/1/2011,5/31/2011
41,6/1/2011,6/30/2011
41,7/1/2011,7/31/2011
41,8/1/2011,8/31/2011
41,9/1/2011,9/30/2011
41,10/1/2011,10/31/2011
41,11/1/2011,11/30/2011
41,12/1/2011,12/31/2011
41,NULL,NULL
41,NULL,NULL
41,NULL,NULL
42,1/1/2007,1/31/2007
42,2/1/2007,2/28/2007
42,3/1/2007,3/31/2007
42,4/1/2007,4/30/2007
42,5/1/2007,5/31/2007
42,6/1/2007,6/30/2007
42,7/1/2007,7/31/2007
42,8/1/2007,8/31/2007
42,9/1/2007,9/30/2007
42,10/1/2007,10/31/2007
42,11/1/2007,11/30/2007
42,12/1/2007,12/31/2007
42,1/1/2008,1/31/2008
42,2/1/2008,2/29/2008
42,3/1/2008,3/31/2008
42,4/1/2008,4/30/2008
42,5/1/2008,5/31/2008
42,6/1/2008,6/30/2008
42,7/1/2008,7/31/2008
42,8/1/2008,8/31/2008
42,9/1/2008,9/30/2008
42,10/1/2008,10/31/2008
42,11/1/2008,11/30/2008
42,12/1/2008,12/31/2008
42,1/1/2009,1/31/2009
42,2/1/2009,2/28/2009
42,3/1/2009,3/31/2009
42,4/1/2009,4/30/2009
42,5/1/2009,5/31/2009
42,6/1/2009,6/30/2009
42,7/1/2009,7/31/2009
42,8/1/2009,8/31/2009
42,9/1/2009,9/30/2009
42,10/1/2009,10/31/2009
42,11/1/2009,11/30/2009
42,12/1/2009,12/31/2009
42,1/1/2010,1/31/2010
42,2/1/2010,2/28/2010
42,3/1/2010,3/31/2010
42,4/1/2010,4/30/2010
42,5/1/2010,5/31/2010
42,6/1/2010,6/30/2010
42,7/1/2010,7/31/2010
42,8/1/2010,8/31/2010
42,9/1/2010,9/30/2010
42,10/1/2010,10/31/2010
42,11/1/2010,11/30/2010
42,12/1/2010,12/31/2010
42,1/1/2011,1/31/2011
42,2/1/2011,2/28/2011
42,3/1/2011,3/31/2011
42,4/1/2011,4/30/2011
42,5/1/2011,5/31/2011
42,6/1/2011,6/30/2011
42,7/1/2011,7/31/2011
42,8/1/2011,8/31/2011
42,9/1/2011,9/30/2011
42,10/1/2011,10/31/2011
42,11/1/2011,11/30/2011
42,12/1/2011,12/31/2011
42,NULL,NULL
42,NULL,NULL
42,NULL,NULL
50,1/1/2007,1/31/2007
50,2/1/2007,2/28/2007
50,3/1/2007,3/31/2007
50,4/1/2007,4/30/2007
50,5/1/2007,5/31/2007
50,6/1/2007,6/30/2007
50,7/1/2007,7/31/2007
50,8/1/2007,8/31/2007
50,9/1/2007,9/30/2007
50,10/1/2007,10/31/2007
50,11/1/2007,11/30/2007
50,12/1/2007,12/31/2007
50,1/1/2008,1/31/2008
50,2/1/2008,2/29/2008
50,3/1/2008,3/31/2008
50,4/1/2008,4/30/2008
50,5/1/2008,5/31/2008
50,6/1/2008,6/30/2008
50,7/1/2008,7/31/2008
50,8/1/2008,8/31/2008
50,9/1/2008,9/30/2008
50,10/1/2008,10/31/2008
50,11/1/2008,11/30/2008
50,12/1/2008,12/31/2008
50,1/1/2009,1/31/2009
50,2/1/2009,2/28/2009
50,3/1/2009,3/31/2009
50,4/1/2009,4/30/2009
50,5/1/2009,5/31/2009
50,6/1/2009,6/30/2009
50,7/1/2009,7/31/2009
50,8/1/2009,8/31/2009
50,9/1/2009,9/30/2009
50,10/1/2009,10/31/2009
50,11/1/2009,11/30/2009
50,12/1/2009,12/31/2009
50,1/1/2010,1/31/2010
50,2/1/2010,2/28/2010
50,3/1/2010,3/31/2010
50,4/1/2010,4/30/2010
50,5/1/2010,5/31/2010
50,6/1/2010,6/30/2010
50,7/1/2010,7/31/2010
50,8/1/2010,8/31/2010
50,9/1/2010,9/30/2010
50,10/1/2010,10/31/2010
50,11/1/2010,11/30/2010
50,12/1/2010,12/31/2010
50,1/1/2011,1/31/2011
50,2/1/2011,2/28/2011
50,3/1/2011,3/31/2011
50,4/1/2011,4/30/2011
50,5/1/2011,5/31/2011
50,6/1/2011,6/30/2011
50,7/1/2011,7/31/2011
50,8/1/2011,8/31/2011
50,9/1/2011,9/30/2011
50,10/1/2011,10/31/2011
50,11/1/2011,11/30/2011
50,12/1/2011,12/31/2011
50,NULL,NULL
50,NULL,NULL
50,NULL,NULL
51,1/1/2007,1/31/2007
51,2/1/2007,2/28/2007
51,3/1/2007,3/31/2007
51,4/1/2007,4/30/2007
51,5/1/2007,5/31/2007
51,6/1/2007,6/30/2007
51,7/1/2007,7/31/2007
51,8/1/2007,8/31/2007
51,9/1/2007,9/30/2007
51,10/1/2007,10/31/2007
51,11/1/2007,11/30/2007
51,12/1/2007,12/31/2007
51,1/1/2008,1/31/2008
51,2/1/2008,2/29/2008
51,3/1/2008,3/31/2008
51,4/1/2008,4/30/2008
51,5/1/2008,5/31/2008
51,6/1/2008,6/30/2008
51,7/1/2008,7/31/2008
51,8/1/2008,8/31/2008
51,9/1/2008,9/30/2008
51,10/1/2008,10/31/2008
51,11/1/2008,11/30/2008
51,12/1/2008,12/31/2008
51,1/1/2009,1/31/2009
51,2/1/2009,2/28/2009
51,3/1/2009,3/31/2009
51,4/1/2009,4/30/2009
51,5/1/2009,5/31/2009
51,6/1/2009,6/30/2009
51,7/1/2009,7/31/2009
51,8/1/2009,8/31/2009
51,9/1/2009,9/30/2009
51,10/1/2009,10/31/2009
51,11/1/2009,11/30/2009
51,12/1/2009,12/31/2009
51,1/1/2010,1/31/2010
51,2/1/2010,2/28/2010
51,3/1/2010,3/31/2010
51,4/1/2010,4/30/2010
51,5/1/2010,5/31/2010
51,6/1/2010,6/30/2010
51,7/1/2010,7/31/2010
51,8/1/2010,8/31/2010
51,9/1/2010,9/30/2010
51,10/1/2010,10/31/2010
51,11/1/2010,11/30/2010
51,12/1/2010,12/31/2010
51,1/1/2011,1/31/2011
51,2/1/2011,2/28/2011
51,3/1/2011,3/31/2011
51,4/1/2011,4/30/2011
51,5/1/2011,5/31/2011
51,6/1/2011,6/30/2011
51,7/1/2011,7/31/2011
51,8/1/2011,8/31/2011
51,9/1/2011,9/30/2011
51,10/1/2011,10/31/2011
51,11/1/2011,11/30/2011
51,12/1/2011,12/31/2011
51,NULL,NULL
51,NULL,NULL
51,NULL,NULL
52,1/1/2007,1/31/2007
52,2/1/2007,2/28/2007
52,3/1/2007,3/31/2007
52,4/1/2007,4/30/2007
52,5/1/2007,5/31/2007
52,6/1/2007,6/30/2007
52,7/1/2007,7/31/2007
52,8/1/2007,8/31/2007
52,9/1/2007,9/30/2007
52,10/1/2007,10/31/2007
52,11/1/2007,11/30/2007
52,12/1/2007,12/31/2007
52,1/1/2008,1/31/2008
52,2/1/2008,2/29/2008
52,3/1/2008,3/31/2008
52,4/1/2008,4/30/2008
52,5/1/2008,5/31/2008
52,6/1/2008,6/30/2008
52,7/1/2008,7/31/2008
52,8/1/2008,8/31/2008
52,9/1/2008,9/30/2008
52,10/1/2008,10/31/2008
52,11/1/2008,11/30/2008
52,12/1/2008,12/31/2008
52,1/1/2009,1/31/2009
52,2/1/2009,2/28/2009
52,3/1/2009,3/31/2009
52,4/1/2009,4/30/2009
52,5/1/2009,5/31/2009
52,6/1/2009,6/30/2009
52,7/1/2009,7/31/2009
52,8/1/2009,8/31/2009
52,9/1/2009,9/30/2009
52,10/1/2009,10/31/2009
52,11/1/2009,11/30/2009
52,12/1/2009,12/31/2009
52,1/1/2010,1/31/2010
52,2/1/2010,2/28/2010
52,3/1/2010,3/31/2010
52,4/1/2010,4/30/2010
52,5/1/2010,5/31/2010
52,6/1/2010,6/30/2010
52,7/1/2010,7/31/2010
52,8/1/2010,8/31/2010
52,9/1/2010,9/30/2010
52,10/1/2010,10/31/2010
52,11/1/2010,11/30/2010
52,12/1/2010,12/31/2010
52,1/1/2011,1/31/2011
52,2/1/2011,2/28/2011
52,3/1/2011,3/31/2011
52,4/1/2011,4/30/2011
52,5/1/2011,5/31/2011
52,6/1/2011,6/30/2011
52,7/1/2011,7/31/2011
52,8/1/2011,8/31/2011
52,9/1/2011,9/30/2011
52,10/1/2011,10/31/2011
52,11/1/2011,11/30/2011
52,12/1/2011,12/31/2011
52,NULL,NULL
52,NULL,NULL
52,NULL,NULL
53,1/1/2007,1/31/2007
53,2/1/2007,2/28/2007
53,3/1/2007,3/31/2007
53,4/1/2007,4/30/2007
53,5/1/2007,5/31/2007
53,6/1/2007,6/30/2007
53,7/1/2007,7/31/2007
53,8/1/2007,8/31/2007
53,9/1/2007,9/30/2007
53,10/1/2007,10/31/2007
53,11/1/2007,11/30/2007
53,12/1/2007,12/31/2007
53,1/1/2008,1/31/2008
53,2/1/2008,2/29/2008
53,3/1/2008,3/31/2008
53,4/1/2008,4/30/2008
53,5/1/2008,5/31/2008
53,6/1/2008,6/30/2008
53,7/1/2008,7/31/2008
53,8/1/2008,8/31/2008
53,9/1/2008,9/30/2008
53,10/1/2008,10/31/2008
53,11/1/2008,11/30/2008
53,12/1/2008,12/31/2008
53,1/1/2009,1/31/2009
53,2/1/2009,2/28/2009
53,3/1/2009,3/31/2009
53,4/1/2009,4/30/2009
53,5/1/2009,5/31/2009
53,6/1/2009,6/30/2009
53,7/1/2009,7/31/2009
53,8/1/2009,8/31/2009
53,9/1/2009,9/30/2009
53,10/1/2009,10/31/2009
53,11/1/2009,11/30/2009
53,12/1/2009,12/31/2009
53,1/1/2010,1/31/2010
53,2/1/2010,2/28/2010
53,3/1/2010,3/31/2010
53,4/1/2010,4/30/2010
53,5/1/2010,5/31/2010
53,6/1/2010,6/30/2010
53,7/1/2010,7/31/2010
53,8/1/2010,8/31/2010
53,9/1/2010,9/30/2010
53,10/1/2010,10/31/2010
53,11/1/2010,11/30/2010
53,12/1/2010,12/31/2010
53,1/1/2011,1/31/2011
53,2/1/2011,2/28/2011
53,3/1/2011,3/31/2011
53,4/1/2011,4/30/2011
53,5/1/2011,5/31/2011
53,6/1/2011,6/30/2011
53,7/1/2011,7/31/2011
53,8/1/2011,8/31/2011
53,9/1/2011,9/30/2011
53,10/1/2011,10/31/2011
53,11/1/2011,11/30/2011
53,12/1/2011,12/31/2011
53,NULL,NULL
53,NULL,NULL
53,NULL,NULL
54,1/1/2007,1/31/2007
54,2/1/2007,2/28/2007
54,3/1/2007,3/31/2007
54,4/1/2007,4/30/2007
54,5/1/2007,5/31/2007
54,6/1/2007,6/30/2007
54,7/1/2007,7/31/2007
54,8/1/2007,8/31/2007
54,9/1/2007,9/30/2007
54,10/1/2007,10/31/2007
54,11/1/2007,11/30/2007
54,12/1/2007,12/31/2007
54,1/1/2008,1/31/2008
54,2/1/2008,2/29/2008
54,3/1/2008,3/31/2008
54,4/1/2008,4/30/2008
54,5/1/2008,5/31/2008
54,6/1/2008,6/30/2008
54,7/1/2008,7/31/2008
54,8/1/2008,8/31/2008
54,9/1/2008,9/30/2008
54,10/1/2008,10/31/2008
54,11/1/2008,11/30/2008
54,12/1/2008,12/31/2008
54,1/1/2009,1/31/2009
54,2/1/2009,2/28/2009
54,3/1/2009,3/31/2009
54,4/1/2009,4/30/2009
54,5/1/2009,5/31/2009
54,6/1/2009,6/30/2009
54,7/1/2009,7/31/2009
54,8/1/2009,8/31/2009
54,9/1/2009,9/30/2009
54,10/1/2009,10/31/2009
54,11/1/2009,11/30/2009
54,12/1/2009,12/31/2009
54,1/1/2010,1/31/2010
54,2/1/2010,2/28/2010
54,3/1/2010,3/31/2010
54,4/1/2010,4/30/2010
54,5/1/2010,5/31/2010
54,6/1/2010,6/30/2010
54,7/1/2010,7/31/2010
54,8/1/2010,8/31/2010
54,9/1/2010,9/30/2010
54,10/1/2010,10/31/2010
54,11/1/2010,11/30/2010
54,12/1/2010,12/31/2010
54,1/1/2011,1/31/2011
54,2/1/2011,2/28/2011
54,3/1/2011,3/31/2011
54,4/1/2011,4/30/2011
54,5/1/2011,5/31/2011
54,6/1/2011,6/30/2011
54,7/1/2011,7/31/2011
54,8/1/2011,8/31/2011
54,9/1/2011,9/30/2011
54,10/1/2011,10/31/2011
54,11/1/2011,11/30/2011
54,12/1/2011,12/31/2011
54,NULL,NULL
54,NULL,NULL
54,NULL,NULL
60,1/1/2007,1/31/2007
60,2/1/2007,2/28/2007
60,3/1/2007,3/31/2007
60,4/1/2007,4/30/2007
60,5/1/2007,5/31/2007
60,6/1/2007,6/30/2007
60,7/1/2007,7/31/2007
60,8/1/2007,8/31/2007
60,9/1/2007,9/30/2007
60,10/1/2007,10/31/2007
60,11/1/2007,11/30/2007
60,12/1/2007,12/31/2007
60,1/1/2008,1/31/2008
60,2/1/2008,2/29/2008
60,3/1/2008,3/31/2008
60,4/1/2008,4/30/2008
60,5/1/2008,5/31/2008
60,6/1/2008,6/30/2008
60,7/1/2008,7/31/2008
60,8/1/2008,8/31/2008
60,9/1/2008,9/30/2008
60,10/1/2008,10/31/2008
60,11/1/2008,11/30/2008
60,12/1/2008,12/31/2008
60,1/1/2009,1/31/2009
60,2/1/2009,2/28/2009
60,3/1/2009,3/31/2009
60,4/1/2009,4/30/2009
60,5/1/2009,5/31/2009
60,6/1/2009,6/30/2009
60,7/1/2009,7/31/2009
60,8/1/2009,8/31/2009
60,9/1/2009,9/30/2009
60,10/1/2009,10/31/2009
60,11/1/2009,11/30/2009
60,12/1/2009,12/31/2009
60,1/1/2010,1/31/2010
60,2/1/2010,2/28/2010
60,3/1/2010,3/31/2010
60,4/1/2010,4/30/2010
60,5/1/2010,5/31/2010
60,6/1/2010,6/30/2010
60,7/1/2010,7/31/2010
60,8/1/2010,8/31/2010
60,9/1/2010,9/30/2010
60,10/1/2010,10/31/2010
60,11/1/2010,11/30/2010
60,12/1/2010,12/31/2010
60,1/1/2011,1/31/2011
60,2/1/2011,2/28/2011
60,3/1/2011,3/31/2011
60,4/1/2011,4/30/2011
60,5/1/2011,5/31/2011
60,6/1/2011,6/30/2011
60,7/1/2011,7/31/2011
60,8/1/2011,8/31/2011
60,9/1/2011,9/30/2011
60,10/1/2011,10/31/2011
60,11/1/2011,11/30/2011
60,12/1/2011,12/31/2011
60,NULL,NULL
60,NULL,NULL
60,NULL,NULL
61,1/1/2007,1/31/2007
61,2/1/2007,2/28/2007
61,3/1/2007,3/31/2007
61,4/1/2007,4/30/2007
61,5/1/2007,5/31/2007
61,6/1/2007,6/30/2007
61,7/1/2007,7/31/2007
61,8/1/2007,8/31/2007
61,9/1/2007,9/30/2007
61,10/1/2007,10/31/2007
61,11/1/2007,11/30/2007
61,12/1/2007,12/31/2007
61,1/1/2008,1/31/2008
61,2/1/2008,2/29/2008
61,3/1/2008,3/31/2008
61,4/1/2008,4/30/2008
61,5/1/2008,5/31/2008
61,6/1/2008,6/30/2008
61,7/1/2008,7/31/2008
61,8/1/2008,8/31/2008
61,9/1/2008,9/30/2008
61,10/1/2008,10/31/2008
61,11/1/2008,11/30/2008
61,12/1/2008,12/31/2008
61,1/1/2009,1/31/2009
61,2/1/2009,2/28/2009
61,3/1/2009,3/31/2009
61,4/1/2009,4/30/2009
61,5/1/2009,5/31/2009
61,6/1/2009,6/30/2009
61,7/1/2009,7/31/2009
61,8/1/2009,8/31/2009
61,9/1/2009,9/30/2009
61,10/1/2009,10/31/2009
61,11/1/2009,11/30/2009
61,12/1/2009,12/31/2009
61,1/1/2010,1/31/2010
61,2/1/2010,2/28/2010
61,3/1/2010,3/31/2010
61,4/1/2010,4/30/2010
61,5/1/2010,5/31/2010
61,6/1/2010,6/30/2010
61,7/1/2010,7/31/2010
61,8/1/2010,8/31/2010
61,9/1/2010,9/30/2010
61,10/1/2010,10/31/2010
61,11/1/2010,11/30/2010
61,12/1/2010,12/31/2010
61,1/1/2011,1/31/2011
61,2/1/2011,2/28/2011
61,3/1/2011,3/31/2011
61,4/1/2011,4/30/2011
61,5/1/2011,5/31/2011
61,6/1/2011,6/30/2011
61,7/1/2011,7/31/2011
61,8/1/2011,8/31/2011
61,9/1/2011,9/30/2011
61,10/1/2011,10/31/2011
61,11/1/2011,11/30/2011
61,12/1/2011,12/31/2011
61,NULL,NULL
61,NULL,NULL
61,NULL,NULL
62,1/1/2007,1/31/2007
62,2/1/2007,2/28/2007
62,3/1/2007,3/31/2007
62,4/1/2007,4/30/2007
62,5/1/2007,5/31/2007
62,6/1/2007,6/30/2007
62,7/1/2007,7/31/2007
62,8/1/2007,8/31/2007
62,9/1/2007,9/30/2007
62,10/1/2007,10/31/2007
62,11/1/2007,11/30/2007
62,12/1/2007,12/31/2007
62,1/1/2008,1/31/2008
62,2/1/2008,2/29/2008
62,3/1/2008,3/31/2008
62,4/1/2008,4/30/2008
62,5/1/2008,5/31/2008
62,6/1/2008,6/30/2008
62,7/1/2008,7/31/2008
62,8/1/2008,8/31/2008
62,9/1/2008,9/30/2008
62,10/1/2008,10/31/2008
62,11/1/2008,11/30/2008
62,12/1/2008,12/31/2008
62,1/1/2009,1/31/2009
62,2/1/2009,2/28/2009
62,3/1/2009,3/31/2009
62,4/1/2009,4/30/2009
62,5/1/2009,5/31/2009
62,6/1/2009,6/30/2009
62,7/1/2009,7/31/2009
62,8/1/2009,8/31/2009
62,9/1/2009,9/30/2009
62,10/1/2009,10/31/2009
62,11/1/2009,11/30/2009
62,12/1/2009,12/31/2009
62,1/1/2010,1/31/2010
62,2/1/2010,2/28/2010
62,3/1/2010,3/31/2010
62,4/1/2010,4/30/2010
62,5/1/2010,5/31/2010
62,6/1/2010,6/30/2010
62,7/1/2010,7/31/2010
62,8/1/2010,8/31/2010
62,9/1/2010,9/30/2010
62,10/1/2010,10/31/2010
62,11/1/2010,11/30/2010
62,12/1/2010,12/31/2010
62,1/1/2011,1/31/2011
62,2/1/2011,2/28/2011
62,3/1/2011,3/31/2011
62,4/1/2011,4/30/2011
62,5/1/2011,5/31/2011
62,6/1/2011,6/30/2011
62,7/1/2011,7/31/2011
62,8/1/2011,8/31/2011
62,9/1/2011,9/30/2011
62,10/1/2011,10/31/2011
62,11/1/2011,11/30/2011
62,12/1/2011,12/31/2011
62,NULL,NULL
62,NULL,NULL
62,NULL,NULL
63,1/1/2007,1/31/2007
63,2/1/2007,2/28/2007
63,3/1/2007,3/31/2007
63,4/1/2007,4/30/2007
63,5/1/2007,5/31/2007
63,6/1/2007,6/30/2007
63,7/1/2007,7/31/2007
63,8/1/2007,8/31/2007
63,9/1/2007,9/30/2007
63,10/1/2007,10/31/2007
63,11/1/2007,11/30/2007
63,12/1/2007,12/31/2007
63,1/1/2008,1/31/2008
63,2/1/2008,2/29/2008
63,3/1/2008,3/31/2008
63,4/1/2008,4/30/2008
63,5/1/2008,5/31/2008
63,6/1/2008,6/30/2008
63,7/1/2008,7/31/2008
63,8/1/2008,8/31/2008
63,9/1/2008,9/30/2008
63,10/1/2008,10/31/2008
63,11/1/2008,11/30/2008
63,12/1/2008,12/31/2008
63,1/1/2009,1/31/2009
63,2/1/2009,2/28/2009
63,3/1/2009,3/31/2009
63,4/1/2009,4/30/2009
63,5/1/2009,5/31/2009
63,6/1/2009,6/30/2009
63,7/1/2009,7/31/2009
63,8/1/2009,8/31/2009
63,9/1/2009,9/30/2009
63,10/1/2009,10/31/2009
63,11/1/2009,11/30/2009
63,12/1/2009,12/31/2009
63,1/1/2010,1/31/2010
63,2/1/2010,2/28/2010
63,3/1/2010,3/31/2010
63,4/1/2010,4/30/2010
63,5/1/2010,5/31/2010
63,6/1/2010,6/30/2010
63,7/1/2010,7/31/2010
63,8/1/2010,8/31/2010
63,9/1/2010,9/30/2010
63,10/1/2010,10/31/2010
63,11/1/2010,11/30/2010
63,12/1/2010,12/31/2010
63,1/1/2011,1/31/2011
63,2/1/2011,2/28/2011
63,3/1/2011,3/31/2011
63,4/1/2011,4/30/2011
63,5/1/2011,5/31/2011
63,6/1/2011,6/30/2011
63,7/1/2011,7/31/2011
63,8/1/2011,8/31/2011
63,9/1/2011,9/30/2011
63,10/1/2011,10/31/2011
63,11/1/2011,11/30/2011
63,12/1/2011,12/31/2011
63,NULL,NULL
63,NULL,NULL
63,NULL,NULL
64,1/1/2007,1/31/2007
64,2/1/2007,2/28/2007
64,3/1/2007,3/31/2007
64,4/1/2007,4/30/2007
64,5/1/2007,5/31/2007
64,6/1/2007,6/30/2007
64,7/1/2007,7/31/2007
64,8/1/2007,8/31/2007
64,9/1/2007,9/30/2007
64,10/1/2007,10/31/2007
64,11/1/2007,11/30/2007
64,12/1/2007,12/31/2007
64,1/1/2008,1/31/2008
64,2/1/2008,2/29/2008
64,3/1/2008,3/31/2008
64,4/1/2008,4/30/2008
64,5/1/2008,5/31/2008
64,6/1/2008,6/30/2008
64,7/1/2008,7/31/2008
64,8/1/2008,8/31/2008
64,9/1/2008,9/30/2008
64,10/1/2008,10/31/2008
64,11/1/2008,11/30/2008
64,12/1/2008,12/31/2008
64,1/1/2009,1/31/2009
64,2/1/2009,2/28/2009
64,3/1/2009,3/31/2009
64,4/1/2009,4/30/2009
64,5/1/2009,5/31/2009
64,6/1/2009,6/30/2009
64,7/1/2009,7/31/2009
64,8/1/2009,8/31/2009
64,9/1/2009,9/30/2009
64,10/1/2009,10/31/2009
64,11/1/2009,11/30/2009
64,12/1/2009,12/31/2009
64,1/1/2010,1/31/2010
64,2/1/2010,2/28/2010
64,3/1/2010,3/31/2010
64,4/1/2010,4/30/2010
64,5/1/2010,5/31/2010
64,6/1/2010,6/30/2010
64,7/1/2010,7/31/2010
64,8/1/2010,8/31/2010
64,9/1/2010,9/30/2010
64,10/1/2010,10/31/2010
64,11/1/2010,11/30/2010
64,12/1/2010,12/31/2010
64,1/1/2011,1/31/2011
64,2/1/2011,2/28/2011
64,3/1/2011,3/31/2011
64,4/1/2011,4/30/2011
64,5/1/2011,5/31/2011
64,6/1/2011,6/30/2011
64,7/1/2011,7/31/2011
64,8/1/2011,8/31/2011
64,9/1/2011,9/30/2011
64,10/1/2011,10/31/2011
64,11/1/2011,11/30/2011
64,12/1/2011,12/31/2011
64,NULL,NULL
64,NULL,NULL
64,NULL,NULL
65,1/1/2007,1/31/2007
65,2/1/2007,2/28/2007
65,3/1/2007,3/31/2007
65,4/1/2007,4/30/2007
65,5/1/2007,5/31/2007
65,6/1/2007,6/30/2007
65,7/1/2007,7/31/2007
65,8/1/2007,8/31/2007
65,9/1/2007,9/30/2007
65,10/1/2007,10/31/2007
65,11/1/2007,11/30/2007
65,12/1/2007,12/31/2007
65,1/1/2008,1/31/2008
65,2/1/2008,2/29/2008
65,3/1/2008,3/31/2008
65,4/1/2008,4/30/2008
65,5/1/2008,5/31/2008
65,6/1/2008,6/30/2008
65,7/1/2008,7/31/2008
65,8/1/2008,8/31/2008
65,9/1/2008,9/30/2008
65,10/1/2008,10/31/2008
65,11/1/2008,11/30/2008
65,12/1/2008,12/31/2008
65,1/1/2009,1/31/2009
65,2/1/2009,2/28/2009
65,3/1/2009,3/31/2009
65,4/1/2009,4/30/2009
65,5/1/2009,5/31/2009
65,6/1/2009,6/30/2009
65,7/1/2009,7/31/2009
65,8/1/2009,8/31/2009
65,9/1/2009,9/30/2009
65,10/1/2009,10/31/2009
65,11/1/2009,11/30/2009
65,12/1/2009,12/31/2009
65,1/1/2010,1/31/2010
65,2/1/2010,2/28/2010
65,3/1/2010,3/31/2010
65,4/1/2010,4/30/2010
65,5/1/2010,5/31/2010
65,6/1/2010,6/30/2010
65,7/1/2010,7/31/2010
65,8/1/2010,8/31/2010
65,9/1/2010,9/30/2010
65,10/1/2010,10/31/2010
65,11/1/2010,11/30/2010
65,12/1/2010,12/31/2010
65,1/1/2011,1/31/2011
65,2/1/2011,2/28/2011
65,3/1/2011,3/31/2011
65,4/1/2011,4/30/2011
65,5/1/2011,5/31/2011
65,6/1/2011,6/30/2011
65,7/1/2011,7/31/2011
65,8/1/2011,8/31/2011
65,9/1/2011,9/30/2011
65,10/1/2011,10/31/2011
65,11/1/2011,11/30/2011
65,12/1/2011,12/31/2011
65,NULL,NULL
65,NULL,NULL
65,NULL,NULL
66,1/1/2007,1/31/2007
66,2/1/2007,2/28/2007
66,3/1/2007,3/31/2007
66,4/1/2007,4/30/2007
66,5/1/2007,5/31/2007
66,6/1/2007,6/30/2007
66,7/1/2007,7/31/2007
66,8/1/2007,8/31/2007
66,9/1/2007,9/30/2007
66,10/1/2007,10/31/2007
66,11/1/2007,11/30/2007
66,12/1/2007,12/31/2007
66,1/1/2008,1/31/2008
66,2/1/2008,2/29/2008
66,3/1/2008,3/31/2008
66,4/1/2008,4/30/2008
66,5/1/2008,5/31/2008
66,6/1/2008,6/30/2008
66,7/1/2008,7/31/2008
66,8/1/2008,8/31/2008
66,9/1/2008,9/30/2008
66,10/1/2008,10/31/2008
66,11/1/2008,11/30/2008
66,12/1/2008,12/31/2008
66,1/1/2009,1/31/2009
66,2/1/2009,2/28/2009
66,3/1/2009,3/31/2009
66,4/1/2009,4/30/2009
66,5/1/2009,5/31/2009
66,6/1/2009,6/30/2009
66,7/1/2009,7/31/2009
66,8/1/2009,8/31/2009
66,9/1/2009,9/30/2009
66,10/1/2009,10/31/2009
66,11/1/2009,11/30/2009
66,12/1/2009,12/31/2009
66,1/1/2010,1/31/2010
66,2/1/2010,2/28/2010
66,3/1/2010,3/31/2010
66,4/1/2010,4/30/2010
66,5/1/2010,5/31/2010
66,6/1/2010,6/30/2010
66,7/1/2010,7/31/2010
66,8/1/2010,8/31/2010
66,9/1/2010,9/30/2010
66,10/1/2010,10/31/2010
66,11/1/2010,11/30/2010
66,12/1/2010,12/31/2010
66,1/1/2011,1/31/2011
66,2/1/2011,2/28/2011
66,3/1/2011,3/31/2011
66,4/1/2011,4/30/2011
66,5/1/2011,5/31/2011
66,6/1/2011,6/30/2011
66,7/1/2011,7/31/2011
66,8/1/2011,8/31/2011
66,9/1/2011,9/30/2011
66,10/1/2011,10/31/2011
66,11/1/2011,11/30/2011
66,12/1/2011,12/31/2011
66,NULL,NULL
66,NULL,NULL
66,NULL,NULL
70,1/1/2007,1/31/2007
70,2/1/2007,2/28/2007
70,3/1/2007,3/31/2007
70,4/1/2007,4/30/2007
70,5/1/2007,5/31/2007
70,6/1/2007,6/30/2007
70,7/1/2007,7/31/2007
70,8/1/2007,8/31/2007
70,9/1/2007,9/30/2007
70,10/1/2007,10/31/2007
70,11/1/2007,11/30/2007
70,12/1/2007,12/31/2007
70,1/1/2008,1/31/2008
70,2/1/2008,2/29/2008
70,3/1/2008,3/31/2008
70,4/1/2008,4/30/2008
70,5/1/2008,5/31/2008
70,6/1/2008,6/30/2008
70,7/1/2008,7/31/2008
70,8/1/2008,8/31/2008
70,9/1/2008,9/30/2008
70,10/1/2008,10/31/2008
70,11/1/2008,11/30/2008
70,12/1/2008,12/31/2008
70,1/1/2009,1/31/2009
70,2/1/2009,2/28/2009
70,3/1/2009,3/31/2009
70,4/1/2009,4/30/2009
70,5/1/2009,5/31/2009
70,6/1/2009,6/30/2009
70,7/1/2009,7/31/2009
70,8/1/2009,8/31/2009
70,9/1/2009,9/30/2009
70,10/1/2009,10/31/2009
70,11/1/2009,11/30/2009
70,12/1/2009,12/31/2009
70,1/1/2010,1/31/2010
70,2/1/2010,2/28/2010
70,3/1/2010,3/31/2010
70,4/1/2010,4/30/2010
70,5/1/2010,5/31/2010
70,6/1/2010,6/30/2010
70,7/1/2010,7/31/2010
70,8/1/2010,8/31/2010
70,9/1/2010,9/30/2010
70,10/1/2010,10/31/2010
70,11/1/2010,11/30/2010
70,12/1/2010,12/31/2010
70,1/1/2011,1/31/2011
70,2/1/2011,2/28/2011
70,3/1/2011,3/31/2011
70,4/1/2011,4/30/2011
70,5/1/2011,5/31/2011
70,6/1/2011,6/30/2011
70,7/1/2011,7/31/2011
70,8/1/2011,8/31/2011
70,9/1/2011,9/30/2011
70,10/1/2011,10/31/2011
70,11/1/2011,11/30/2011
70,12/1/2011,12/31/2011
70,NULL,NULL
70,NULL,NULL
70,NULL,NULL
71,1/1/2007,1/31/2007
71,2/1/2007,2/28/2007
71,3/1/2007,3/31/2007
71,4/1/2007,4/30/2007
71,5/1/2007,5/31/2007
71,6/1/2007,6/30/2007
71,7/1/2007,7/31/2007
71,8/1/2007,8/31/2007
71,9/1/2007,9/30/2007
71,10/1/2007,10/31/2007
71,11/1/2007,11/30/2007
71,12/1/2007,12/31/2007
71,1/1/2008,1/31/2008
71,2/1/2008,2/29/2008
71,3/1/2008,3/31/2008
71,4/1/2008,4/30/2008
71,5/1/2008,5/31/2008
71,6/1/2008,6/30/2008
71,7/1/2008,7/31/2008
71,8/1/2008,8/31/2008
71,9/1/2008,9/30/2008
71,10/1/2008,10/31/2008
71,11/1/2008,11/30/2008
71,12/1/2008,12/31/2008
71,1/1/2009,1/31/2009
71,2/1/2009,2/28/2009
71,3/1/2009,3/31/2009
71,4/1/2009,4/30/2009
71,5/1/2009,5/31/2009
71,6/1/2009,6/30/2009
71,7/1/2009,7/31/2009
71,8/1/2009,8/31/2009
71,9/1/2009,9/30/2009
71,10/1/2009,10/31/2009
71,11/1/2009,11/30/2009
71,12/1/2009,12/31/2009
71,1/1/2010,1/31/2010
71,2/1/2010,2/28/2010
71,3/1/2010,3/31/2010
71,4/1/2010,4/30/2010
71,5/1/2010,5/31/2010
71,6/1/2010,6/30/2010
71,7/1/2010,7/31/2010
71,8/1/2010,8/31/2010
71,9/1/2010,9/30/2010
71,10/1/2010,10/31/2010
71,11/1/2010,11/30/2010
71,12/1/2010,12/31/2010
71,1/1/2011,1/31/2011
71,2/1/2011,2/28/2011
71,3/1/2011,3/31/2011
71,4/1/2011,4/30/2011
71,5/1/2011,5/31/2011
71,6/1/2011,6/30/2011
71,7/1/2011,7/31/2011
71,8/1/2011,8/31/2011
71,9/1/2011,9/30/2011
71,10/1/2011,10/31/2011
71,11/1/2011,11/30/2011
71,12/1/2011,12/31/2011
71,NULL,NULL
71,NULL,NULL
71,NULL,NULL
72,1/1/2007,1/31/2007
72,2/1/2007,2/28/2007
72,3/1/2007,3/31/2007
72,4/1/2007,4/30/2007
72,5/1/2007,5/31/2007
72,6/1/2007,6/30/2007
72,7/1/2007,7/31/2007
72,8/1/2007,8/31/2007
72,9/1/2007,9/30/2007
72,10/1/2007,10/31/2007
72,11/1/2007,11/30/2007
72,12/1/2007,12/31/2007
72,1/1/2008,1/31/2008
72,2/1/2008,2/29/2008
72,3/1/2008,3/31/2008
72,4/1/2008,4/30/2008
72,5/1/2008,5/31/2008
72,6/1/2008,6/30/2008
72,7/1/2008,7/31/2008
72,8/1/2008,8/31/2008
72,9/1/2008,9/30/2008
72,10/1/2008,10/31/2008
72,11/1/2008,11/30/2008
72,12/1/2008,12/31/2008
72,1/1/2009,1/31/2009
72,2/1/2009,2/28/2009
72,3/1/2009,3/31/2009
72,4/1/2009,4/30/2009
72,5/1/2009,5/31/2009
72,6/1/2009,6/30/2009
72,7/1/2009,7/31/2009
72,8/1/2009,8/31/2009
72,9/1/2009,9/30/2009
72,10/1/2009,10/31/2009
72,11/1/2009,11/30/2009
72,12/1/2009,12/31/2009
72,1/1/2010,1/31/2010
72,2/1/2010,2/28/2010
72,3/1/2010,3/31/2010
72,4/1/2010,4/30/2010
72,5/1/2010,5/31/2010
72,6/1/2010,6/30/2010
72,7/1/2010,7/31/2010
72,8/1/2010,8/31/2010
72,9/1/2010,9/30/2010
72,10/1/2010,10/31/2010
72,11/1/2010,11/30/2010
72,12/1/2010,12/31/2010
72,1/1/2011,1/31/2011
72,2/1/2011,2/28/2011
72,3/1/2011,3/31/2011
72,4/1/2011,4/30/2011
72,5/1/2011,5/31/2011
72,6/1/2011,6/30/2011
72,7/1/2011,7/31/2011
72,8/1/2011,8/31/2011
72,9/1/2011,9/30/2011
72,10/1/2011,10/31/2011
72,11/1/2011,11/30/2011
72,12/1/2011,12/31/2011
72,NULL,NULL
72,NULL,NULL
72,NULL,NULL
